"SNP","gene"
"V8253",3
"V8271",3
"V8275",3
"V8283",3
"V8295",3
"V8300",3
"V8308",3
"V8321",3
"V8358",3
"V8363",3
"V8388",3
"V8389",3
"V8415",3
"V8429",3
"V8434",3
"V8436",3
"V8467",3
"V8481",3
"V8483",3
"V8485",3
"V8491",3
"V8518",3
"V8523",3
"V8527",3
"V8534",3
"V8541",3
"V8544",3
"V8548",3
"V8586",3
"V8604",3
"V8613",3
"V8618",3
"V8623",3
"V8628",3
"V8630",3
"V8632",3
"V8634",3
"V8648",3
"V8682",3
"V8688",3
"V8694",3
"V8699",3
"V8721",3
"V8727",3
"V8751",3
"V8765",3
"V8769",3
"V8772",3
"V8773",3
"V8779",3
"V8790",3
"V8794",3
"V8806",3
"V8807",3
"V8816",3
"V8817",3
"V8819",3
"V8828",3
"V8847",3
"V8858",3
"V8885",3
"V8899",3
"V8929",3
"V8938",3
"V8939",3
"V8943",3
"V8949",3
"V8950",3
"V8954",3
"V8962",3
"V8971",3
"V9004",3
"V9013",3
"V9015",3
"V9028",3
"V9051",3
"V9056",3
"V9065",3
"V9074",3
"V9087",3
"V9100",3
"V9115",3
"V9118",3
"V9158",3
"V9171",3
"V9188",3
"V9189",3
"V9198",3
"V9205",3
"V9214",3
"V9220",3
"V9229",3
"V9232",3
"V9263",3
"V9265",3
"V9267",3
"V9268",3
"V9272",3
"V9280",3
"V9290",3
"V9292",3
"V9293",3
"V9295",3
"V9314",3
"V9322",3
"V9326",3
"V9361",3
"V9362",3
"V9371",3
"V9373",3
"V9386",3
"V9387",3
"V9398",3
"V9405",3
"V9415",3
"V9420",3
"V9431",3
"V9445",3
"V9461",3
"V9470",3
"V9471",3
"V9517",3
"V9521",3
"V9528",3
"V9531",3
"V9536",3
"V9539",3
"V9551",3
"V9553",3
"V9554",3
"V9555",3
"V9582",3
"V9587",3
"V9613",3
"V9615",3
"V9632",3
"V9668",3
"V9670",3
"V9726",3
"V9728",3
"V9771",3
"V9774",3
"V9781",3
"V9790",3
"V9794",3
"V9806",3
"V9815",3
"V9819",3
"V9825",3
"V9829",3
"V9838",3
"V9845",3
"V9852",3
"V9853",3
"V9854",3
"V9907",3
"V9913",3
"V9921",3
"V9938",3
"V9940",3
"V9954",3
"V9978",3
"V9979",3
"V9983",3
"V9994",3
"V9996",3
"V9998",3
"V9999",3
"V10001",3
"V10044",3
"V10054",3
"V10056",3
"V10058",3
"V10059",3
"V10104",3
"V10117",3
"V10132",3
"V10137",3
"V10156",3
"V10198",3
"V10207",3
"V10255",3
"V10269",3
"V10289",3
"V10308",3
"V10320",3
"V10321",3
"V10358",3
"V10363",3
"V10369",3
"V10393",3
"V10395",3
"V10418",3
"V10438",3
"V10454",3
"V10475",3
"V10507",3
"V10550",3
"V10562",3
"V10592",3
"V10595",3
"V10608",3
"V10649",3
"V10656",3
"V10663",3
"V10669",3
"V10672",3
"V10695",3
"V10714",3
"V10724",3
"V10731",3
"V10749",3
"V10758",3
"V10763",3
"V10765",3
"V10769",3
"V10777",3
"V10780",3
"V10799",3
"V10801",3
"V10813",3
"V10828",3
"V10834",3
"V10841",3
"V10855",3
"V10866",3
"V10871",3
"V10873",3
"V10885",3
"V10896",3
"V10916",3
"V10927",3
"V10963",3
"V10971",3
"V10984",3
"V11017",3
"V11031",3
"V11033",3
"V11063",3
"V11076",3
"V11077",3
"V11098",3
"V11104",3
"V11141",3
"V11147",3
"V11157",3
"V11174",3
"V11181",3
"V11183",3
"V11194",3
"V11211",3
"V11213",3
"V11221",3
"V11227",3
"V11246",3
"V11255",3
"V11261",3
"V11321",3
"V11324",3
"V11341",3
"V11356",3
"V11371",3
"V11381",3
"V11390",3
"V11392",3
"V11413",3
"V11440",3
"V11445",3
"V11446",3
"V11450",3
"V11451",3
"V11464",3
"V11471",3
"V11476",3
"V11500",3
"V11506",3
"V11508",3
"V11512",3
"V11536",3
"V11542",3
"V11544",3
"V11584",3
"V11598",3
"V11606",3
"V11613",3
"V11618",3
"V11646",3
"V11662",3
"V11664",3
"V11666",3
"V11687",3
"V11698",3
"V11701",3
"V11717",3
"V11720",3
"V11721",3
"V11725",3
"V11743",3
"V11751",3
"V11754",3
"V11757",3
"V11764",3
"V11769",3
"V11775",3
"V11777",3
"V11799",3
"V11800",3
"V11805",3
"V11819",3
"V11820",3
"V11828",3
"V11853",3
"V11856",3
"V11857",3
"V11858",3
"V11884",3
"V11907",3
"V11918",3
"V11923",3
"V11950",3
"V11952",3
"V11957",3
"V11971",3
"V11972",3
"V11994",3
"V12004",3
"V12016",3
"V12027",3
"V12034",3
"V12037",3
"V12039",3
"V12041",3
"V12043",3
"V12046",3
"V12047",3
"V12048",3
"V12135",3
"V12136",3
"V12145",3
"V12172",3
"V12181",3
"V12206",3
"V12231",3
"V12234",3
"V12313",3
"V12319",3
"V12325",3
"V12331",3
"V12335",3
"V12346",3
